{"cameraMode":{"drawMode":0,"name":"Shaded","section":"Shading Mode"},"sceneLighting":false,"audioPlay":false,"sceneViewState":{"showFog":true,"showMaterialUpdate":false,"showSkybox":false,"showFlares":true,"showImageEffects":true,"showParticleSystems":true},"in2DMode":false,"pivot":{"x":-48.896766662597659,"y":-23.854442596435548,"z":0.18570630252361298},"rotation":{"x":0.3737102150917053,"y":-0.6103509068489075,"z":0.40020257234573367,"w":0.5727761387825012},"size":16.469362258911134,"orthographic":false}