{"cameraMode":{"drawMode":0,"name":"Shaded","section":"Shading Mode"},"sceneLighting":false,"audioPlay":false,"sceneViewState":{"showFog":true,"showMaterialUpdate":false,"showSkybox":false,"showFlares":true,"showImageEffects":true,"showParticleSystems":true},"in2DMode":false,"pivot":{"x":-13.476848602294922,"y":-21.90848159790039,"z":-2.6936566829681398},"rotation":{"x":-0.2596500813961029,"y":-0.6870874762535095,"z":0.28764334321022036,"w":-0.6150417327880859},"size":20.94278335571289,"orthographic":false}